-- Insertar Datos en cada tabla
INSERT INTO facultad (id_facultad, nombre_facultad, direccion_facultad) VALUES
(1, 'Facultad de Artes', 'Carrera 13 No. 14-69'),
(2, 'Facultad de Ingeniería', 'Calle 40 No. 9-28'),
(3, 'Facultad de Ciencias de la Salud', 'Carrera 7 No. 32-16'),
(4, 'Facultad de Ciencias Matemáticas y Naturales', 'Calle 13 No. 19-75'),
(5, 'Facultad de Ciencias y Educación', 'Calle 27 No. 10-24'),
(6, 'Facultad Tecnológica', 'Avenida 68 No. 65-82'),
(7, 'Facultad de Medio Ambiente', 'Carrera 11 No. 12-45');

INSERT INTO decano (id_decano, nombre_decano, correo_decano, telefono_decano, id_facultad) VALUES
(45, 'María González', 'mgonzalez@universidad.edu', '555-1234', 1),
(46, 'Juan Pérez', 'jperez@universidad.edu', '555-2345', 2),
(47, 'Laura Martínez', 'lmartinez@universidad.edu', '555-3456', 3),
(48, 'Carlos López', 'clopez@universidad.edu', '555-4567', 4),
(49, 'Ana Torres', 'atorres@universidad.edu', '555-5678', 5),
(50, 'Roberto Sánchez', 'rsanchez@universidad.edu', '555-6789', 6),
(51, 'Patricia Ramírez', 'pramirez@universidad.edu', '555-7890', 7);

INSERT INTO sede (id_sede, nombre_sede, direccion_sede, id_facultad) VALUES
(340, 'Aduanilla de Paiba', 'Carrera 18 No. 10-05', 2),
(341, 'Calle 34', 'Calle 34 No. 15-02', 2),
(342, 'Calle 40', 'Calle 40 No. 9-28', 2),
(343, 'Ciudadela Universitaria Bosa', 'Carrera 87 No. 72-21', 5),
(344, 'Sede Macarena', 'Carrera 6 No. 26-10', 3),
(345, 'Vivero', 'Carrera 15 No. 6-40', 4),
(346, 'ASAB', 'Carrera 13 No. 14-69', 1),
(347, 'Teinco', 'Avenida 19 No. 28-22', 2),
(348, 'Sede Tecnológica', 'Avenida 68 No. 65-82', 6);

INSERT INTO carrera (id_carrera, nombre_carrera) VALUES
(1, 'Administración Ambiental'),
(2, 'Administración Deportiva'),
(3, 'Archivística y Gestión de la Información'),
(4, 'Artes Danzarias'),
(5, 'Artes Escénicas'),
(6, 'Artes Musicales'),
(7, 'Artes Plásticas y Visuales'),
(8, 'Biología'),
(9, 'Comunicación Social y Periodismo'),
(10, 'Física'),
(11, 'Ingeniería Ambiental'),
(12, 'Ingeniería Catastral'),
(13, 'Ingeniería Mecánica'),
(14, 'Ingeniería Civil'),
(15, 'Ingeniería de Producción'),
(16, 'Ingeniería de Sistemas'),
(17, 'Ingeniería Electrónica'),
(18, 'Ingeniería Eléctrica'),
(19, 'Ingeniería Telemática'),
(20, 'Ingeniería Forestal'),
(21, 'Ingeniería Industrial'),
(22, 'Ingeniería Sanitaria'),
(23, 'Licenciatura en Biología'),
(24, 'Licenciatura en Ciencias Sociales'),
(25, 'Licenciatura en Educación Artística'),
(26, 'Licenciatura en Física'),
(27, 'Licenciatura en Humanidades'),
(28, 'Licenciatura en Matemáticas'),
(29, 'Matemáticas'),
(30, 'Química');

INSERT INTO profesor (id_profesor, nombre_profesor, correo_profesor, telefono_profesor, id_facultad) VALUES
(1, 'Alejandro García', 'agarcia@universidad.edu', '555-1001', 1),
(2, 'Beatriz Naranjo', 'bnaranjo@universidad.edu', '555-2002', 2),
(3, 'Carlos Hernández', 'chernandez@universidad.edu', '555-3003', 3),
(4, 'Diana López', 'dlopez@universidad.edu', '555-4004', 4),
(5, 'Ernesto Ramírez', 'eramirez@universidad.edu', '555-5005', 5),
(6, 'Fernanda Torres', 'ftorres@universidad.edu', '555-6006', 6),
(7, 'Gustavo Mora', 'gmora@universidad.edu', '555-7007', 7),
(8, 'Jorge López',	'jlopez@correo.com', '555-8008', 4),
(9, 'Karla Mendoza','kmendoza@correo.com','555-9009', 1),
(10, 'Luis Martínez','lmartinez@correo.com','555-1034',	5),
(11, 'Mónica Sánchez','msanchez@correo.com','555-1183', 3),
(12, 'Néstor Ramírez', 'nramirez@correo.com', '555-1201', 2),
(13, 'Olga Vargas','ovargas@correo.com','555-1301',	6),
(14, 'Pedro Navarro', 'pnavarro@correo.com','555-1401',	7),
(15, 'Quintín Osorio','qosorio@correo.com',	'555-1501',	1),
(16, 'Beatriz Romero',	'bromero@correo.com', '555-1601', 4),
(17, 'Carlos Jiménez', 'cjimenez@correo.com', '555-1701', 2),
(18, 'Daniela Gutiérrez', 'dgutierrez@correo.com', '555-1801', 1),
(19, 'Elena Rodríguez',	'erodriguez@correo.com','555-1901',	6),
(20, 'Fernando Díaz','fdiaz@correo.com' ,'555-2001', 5);

INSERT INTO asignatura (id_asignatura, nombre_asignatura, num_creditos, id_carrera) VALUES
(1, 'Gestión Ambiental', 3, 1),
(2, 'Psicología del Deporte', 3, 2),
(3, 'Archivística I', 3, 3),
(4, 'Introducción a la Danza', 2, 4),
(5, 'Actuación I', 3, 5),
(6, 'Teoría Musical', 3, 6),
(7, 'Técnicas de Pintura', 4, 7),
(8, 'Biología General', 4, 8),
(9, 'Comunicación Social', 3, 9),
(10, 'Física I', 4, 10),
(11, 'Ingeniería Ambiental I', 4, 11),
(12, 'Catastro y Cartografía', 3, 12),
(13, 'Termodinámica', 4, 13),
(14, 'Mecánica de Fluidos', 4, 14),
(15, 'Producción y Manufactura', 3, 15),
(16, 'Programación I', 4, 16),
(17, 'Circuitos Electrónicos', 4, 17),
(18, 'Electrotecnia', 3, 18),
(19, 'Redes y Telemática', 3, 19),
(20, 'Silvicultura', 4, 20),
(21, 'Ingeniería Industrial I', 4, 21),
(22, 'Saneamiento Ambiental', 3, 22),
(23, 'Didáctica de la Biología', 4, 23),
(24, 'Historia y Geografía', 3, 24),
(25, 'Educación Artística I', 3, 25),
(26, 'Física Experimental', 4, 26),
(27, 'Literatura y Humanidades', 3, 27),
(28, 'Álgebra y Trigonometría', 4, 28),
(29, 'Cálculo Diferencial', 4, 29),
(30, 'Química General', 4, 30),
(31, 'Ecología', 3, 29),
(32, 'Anatomía Humana', 4, 15),
(33, 'Historia del Arte', 3, 9),
(34, 'Coreografía', 2, 4),
(35, 'Dirección Escénica', 3, 22),
(36, 'Composición Musical', 3, 11),
(37, 'Pintura al Óleo', 4, 30),
(38, 'Genética', 4, 3),
(39, 'Geografía Humana', 3, 7),
(40, 'Literatura Universal', 3, 18),
(41, 'Bioquímica', 4, 5),
(42, 'Teatro Experimental', 4, 14),
(43, 'Dibujo Técnico', 3, 10),
(44, 'Cálculo Integral', 4, 26),
(45, 'Ingeniería de Software', 3, 12),
(46, 'Electromagnetismo', 4, 17),
(47, 'Automatización Industrial', 4, 6),
(48, 'Derecho Ambiental', 3, 19),
(49, 'Paisajismo', 4, 8),
(50, 'Inglés Avanzado', 3, 1),
(51, 'Psicología del Aprendizaje', 4, 24),
(52, 'Didáctica de la Matemática', 3, 21),
(53, 'Química Orgánica', 4, 1),
(54, 'Gestión de Proyectos', 3, 27),
(55, 'Educación Física', 3, 28),
(56, 'Finanzas Corporativas', 4, 29),
(57, 'Marketing Digital', 3, 30),
(58, 'Programación Avanzada', 4, 8),
(59, 'Sistemas Digitales', 4, 5),
(60, 'Robótica', 3, 4);

INSERT INTO estudiante (id_estudiante, nombre_estudiante, correo_estudiante, direccion_estudiante, id_carrera) VALUES
(1, 'Alberto Fernández', 'afernandez@correo.com', 'Calle Falsa 123', 1),
(2, 'Beatriz Romero', 'bromero@correo.com', 'Avenida Siempre Viva 742', 2),
(3, 'Carlos Jiménez', 'cjimenez@correo.com', 'Pasaje Los Sauces 456', 3),
(4, 'Daniela Gutiérrez', 'dgutierrez@correo.com', 'Carrera 8 No. 12-34', 4),
(5, 'Elena Rodríguez', 'erodriguez@correo.com', 'Calle 10 No. 23-45', 5),
(6, 'Fernando Díaz', 'fdiaz@correo.com', 'Avenida 15 No. 67-89', 6),
(7, 'Gabriela Castro', 'gcastro@correo.com', 'Calle 20 No. 34-56', 7),
(8, 'Héctor Pineda', 'hpineda@correo.com', 'Carrera 9 No. 45-67', 8),
(9, 'Inés García', 'igarcia@correo.com', 'Pasaje Los Robles 789', 9),
(10, 'Jorge López', 'jlopez@correo.com', 'Calle del Sol 1010', 10),
(11, 'Karla Mendoza', 'kmendoza@correo.com', 'Avenida de la Luna 1111', 11),
(12, 'Luis Martínez', 'lmartinez@correo.com', 'Carrera del Mar 1212', 12),
(13, 'Mónica Sánchez', 'msanchez@correo.com', 'Pasaje del Río 1313', 13),
(14, 'Néstor Ramírez', 'nramirez@correo.com', 'Calle del Bosque 1414', 14),
(15, 'Olga Vargas', 'ovargas@correo.com', 'Avenida de las Flores 1515', 15),
(16, 'Pedro Navarro', 'pnavarro@correo.com', 'Carrera del Lago 1616', 16),
(17, 'Quintín Osorio', 'qosorio@correo.com', 'Calle del Campo 1717', 17),
(18, 'Rosa Pérez', 'rperez@correo.com', 'Pasaje de las Rosas 1818', 18),
(19, 'Sergio Morales', 'smorales@correo.com', 'Avenida de los Árboles 1919', 19),
(20, 'Tatiana Salazar', 'tsalazar@correo.com', 'Calle del Viento 2020', 20),
(21, 'Ulises Vega', 'uvega@correo.com', 'Pasaje del Norte 2121', 21),
(22, 'Valeria Herrera', 'vherrera@correo.com', 'Calle del Sur 2222', 22),
(23, 'Walter Castillo', 'wcastillo@correo.com', 'Avenida de los Cipreses 2323', 23),
(24, 'Ximena Aguilar', 'xaguilar@correo.com', 'Pasaje de los Pinos 2424', 24),
(25, 'Yadira Peña', 'ypena@correo.com', 'Calle del Sol 2525', 25),
(26, 'Zoe Gómez', 'zgomez@correo.com', 'Avenida de la Luna 2626', 26),
(27, 'Luis Salgado', 'lsalgado@correo.com', 'Calle 5 No. 33-44', 27),
(28, 'María Fernández', 'mfernandez@correo.com', 'Avenida 18 No. 50-60', 28),
(29, 'Nadia Campos', 'ncampos@correo.com', 'Carrera 3 No. 21-32', 29),
(30, 'Oscar Reyes', 'oreyes@correo.com', 'Calle 7 No. 40-55', 30),
(31, 'Pablo Guerrero', 'pguerrero@correo.com', 'Avenida 23 No. 65-75', 1),
(32, 'Queralt López', 'qlopez@correo.com', 'Calle 13 No. 24-35', 2),
(33, 'Raúl Martínez', 'rmartinez@correo.com', 'Carrera 5 No. 14-25', 3),
(34, 'Sara Gómez', 'sgomez@correo.com', 'Avenida 17 No. 30-41', 4),
(35, 'Tomás Sánchez', 'tsanchez@correo.com', 'Calle 9 No. 20-31', 5),
(36, 'Úrsula Díaz', 'udiaz@correo.com', 'Pasaje 7 No. 10-21', 6),
(37, 'Valentina González', 'vgonzalez@correo.com', 'Avenida 25 No. 40-51', 7),
(38, 'Walter Rodríguez', 'wrodriguez@correo.com', 'Carrera 10 No. 15-26', 8),
(39, 'Ximena Pérez', 'xperez@correo.com', 'Calle 11 No. 22-33', 9),
(40, 'Yolanda Hernández', 'yhernandez@correo.com', 'Pasaje 6 No. 12-23', 10),
(41, 'Zacarías Flores', 'zflores@correo.com', 'Avenida 14 No. 25-36', 11),
(42, 'Ana María Soto', 'amsoto@correo.com', 'Carrera 6 No. 14-25', 12),
(43, 'Bruno Vargas', 'bvargas@correo.com', 'Calle 12 No. 24-35', 13),
(44, 'Clara Ríos', 'crios@correo.com', 'Avenida 16 No. 30-41', 14),
(45, 'Daniel López', 'dlopez@correo.com', 'Pasaje 8 No. 20-31', 15),
(46, 'Elisa Martínez', 'emartinez@correo.com', 'Carrera 11 No. 10-21', 16),
(47, 'Felipe Sánchez', 'fsanchez@correo.com', 'Calle 10 No. 20-31', 17),
(48, 'Gabriela Torres', 'gtorres@correo.com', 'Avenida 18 No. 30-41', 18),
(49, 'Hugo González', 'hgonzalez@correo.com', 'Pasaje 9 No. 12-23', 19),
(50, 'Irene Pérez', 'iperez@correo.com', 'Carrera 7 No. 25-36', 20),
(51, 'Javier Díaz', 'jdiaz@correo.com', 'Calle 15 No. 14-25', 21),
(52, 'Karina Flores', 'kflores@correo.com', 'Avenida 19 No. 24-35', 22),
(53, 'Luisa Martínez', 'lmartinez2@correo.com', 'Pasaje 11 No. 30-41', 23),
(54, 'Miguel Sánchez', 'msanchez2@correo.com', 'Carrera 8 No. 20-31', 24),
(55, 'Natalia López', 'nlopez@correo.com', 'Calle 18 No. 10-21', 25),
(56, 'Óscar Torres', 'otorres@correo.com', 'Avenida 21 No. 20-31', 26),
(57, 'Paula González', 'pgonzalez@correo.com', 'Pasaje 10 No. 30-41', 27),
(58, 'Quintín Pérez', 'qperez@correo.com', 'Carrera 9 No. 20-31', 28),
(59, 'Ramiro Díaz', 'rdiaz@correo.com', 'Calle 16 No. 10-21', 29),
(60, 'Sandra Martínez', 'smartinez@correo.com', 'Avenida 20 No. 30-41', 30);

-- Insercion de datos de la tabla intermedia
INSERT INTO asignatura_estudiante (id_estudiante, id_asignatura, fecha_inscripcion) VALUES
(1, 1, '2024-05-15'),
(1, 50, '2024-07-23'),
(1, 53, '2024-08-10'),
(2, 2, '2024-06-04'),
(3, 3, '2024-06-17'),
(3, 38, '2024-07-06'),
(4, 4, '2024-06-23'),
(4, 34, '2024-06-01'),
(4, 60, '2024-08-04'),
(5, 5, '2024-07-19'),
(5, 41, '2024-05-30'),
(5, 59, '2024-08-01'),
(6, 6, '2024-06-15'),
(6, 47, '2024-06-12'),
(7, 7, '2024-06-28'),
(7, 39, '2024-07-10'),
(8, 8, '2024-07-25'),
(8, 49, '2024-07-14'),
(8, 58, '2024-06-05'),
(9, 9, '2024-06-24'),
(9, 33, '2024-07-02'),
(10, 10, '2024-07-15'),
(10, 43, '2024-06-20'),
(11, 11, '2024-08-02'),
(11, 36, '2024-06-30'),
(12, 12, '2024-07-18'),
(12, 45, '2024-06-29'),
(13, 13, '2024-06-27'),
(14, 14, '2024-06-25'),
(14, 42, '2024-06-19'),
(15, 15, '2024-06-16'),
(15, 32, '2024-07-17'),
(16, 16, '2024-06-26'),
(17, 17, '2024-07-22'),
(17, 46, '2024-07-29'),
(18, 18, '2024-08-03'),
(18, 40, '2024-07-21'),
(19, 19, '2024-07-11'),
(19, 48, '2024-07-24'),
(20, 20, '2024-07-31'),
(21, 21, '2024-08-09'),
(21, 52, '2024-06-21'),
(22, 22, '2024-07-09'),
(22, 35, '2024-07-28'),
(23, 23, '2024-06-14'),
(24, 24, '2024-07-30'),
(24, 51, '2024-06-25'),
(25, 25, '2024-06-08'),
(26, 26, '2024-07-13'),
(26, 44, '2024-07-20'),
(27, 27, '2024-08-07'),
(27, 54, '2024-07-03'),
(28, 28, '2024-06-18'),
(28, 55, '2024-07-27'),
(29, 29, '2024-07-05'),
(29, 31, '2024-08-05'),
(29, 56, '2024-06-22'),
(30, 30, '2024-07-26'),
(30, 37, '2024-08-06'),
(30, 57, '2024-08-01'),
(31, 1, '2024-07-12'),
(31, 50, '2024-08-02'),
(31, 53, '2024-07-31'),
(32, 2, '2024-06-29'),
(33, 3, '2024-07-18'),
(33, 38, '2024-06-23'),
(34, 4, '2024-07-04'),
(34, 34, '2024-06-16'),
(34, 60, '2024-07-19'),
(35, 5, '2024-08-06'),
(35, 41, '2024-06-14'),
(35, 59, '2024-07-21'),
(36, 6, '2024-08-04'),
(36, 47, '2024-08-02'),
(37, 7, '2024-06-27'),
(37, 39, '2024-06-30'),
(38, 8, '2024-08-07'),
(38, 49, '2024-08-05'),
(38, 58, '2024-08-01'),
(39, 9, '2024-06-19'),
(39, 33, '2024-07-24'),
(40, 10, '2024-06-21'),
(40, 43, '2024-06-28'),
(41, 11, '2024-07-13'),
(41, 36, '2024-07-14'),
(42, 12, '2024-08-05'),
(42, 45, '2024-08-08'),
(43, 13, '2024-08-10'),
(44, 14, '2024-07-23'),
(44, 42, '2024-07-26'),
(45, 15, '2024-07-30'),
(45, 32, '2024-08-09'),
(46, 16, '2024-07-08'),
(47, 17, '2024-06-05'),
(47, 46, '2024-07-18'),
(48, 18, '2024-06-18'),
(48, 40, '2024-06-13'),
(49, 19, '2024-08-03'),
(49, 48, '2024-07-29'),
(50, 20, '2024-06-25'),
(51, 21, '2024-06-22'),
(51, 52, '2024-06-17'),
(52, 22, '2024-06-12'),
(52, 35, '2024-07-11'),
(53, 23, '2024-06-28'),
(54, 24, '2024-07-05'),
(54, 51, '2024-07-08'),
(55, 25, '2024-06-15'),
(56, 26, '2024-07-02'),
(56, 44, '2024-06-27'),
(57, 27, '2024-07-15'),
(57, 54, '2024-07-17'),
(58, 28, '2024-06-29'),
(58, 55, '2024-07-12'),
(59, 29, '2024-06-08'),
(59, 31, '2024-06-23'),
(59, 56, '2024-08-06'),
(60, 30, '2024-07-09'),
(60, 37, '2024-06-20'),
(60, 57, '2024-06-14');

-- Modifique tabla carrera
ALTER TABLE carrera
ADD COLUMN id_facultad INT;

-- Creacion de tabla intermedia
CREATE TABLE asignatura_estudiante (
    id_asignatura INT,
    id_estudiante INT,
    fecha_inscripcion DATE,
    PRIMARY KEY (id_estudiante, id_asignatura),
    FOREIGN KEY (id_asignatura) REFERENCES asignatura(id_asignatura),
    FOREIGN KEY (id_estudiante) REFERENCES estudiante(id_estudiante)
);
-- Agregar los datos de la tabla modificada
UPDATE carrera
SET id_facultad = CASE id_carrera
                    WHEN 1 THEN 7
                    WHEN 2 THEN 7
                    WHEN 3 THEN 5
                    WHEN 4 THEN 1
                    WHEN 5 THEN 1
                    WHEN 6 THEN 1
                    WHEN 7 THEN 1
                    WHEN 8 THEN 4
                    WHEN 9 THEN 5
                    WHEN 10 THEN 4
                    WHEN 11 THEN 2
                    WHEN 12 THEN 2
                    WHEN 13 THEN 6
                    WHEN 14 THEN 2
                    WHEN 15 THEN 2
                    WHEN 16 THEN 2
                    WHEN 17 THEN 2
                    WHEN 18 THEN 2
                    WHEN 19 THEN 6
                    WHEN 20 THEN 7
                    WHEN 21 THEN 2
                    WHEN 22 THEN 7
                    WHEN 23 THEN 5
                    WHEN 24 THEN 5
                    WHEN 25 THEN 5
                    WHEN 26 THEN 5
                    WHEN 27 THEN 5
                    WHEN 28 THEN 5
                    WHEN 29 THEN 4
                    WHEN 30 THEN 4
END
WHERE id_carrera BETWEEN 1 AND 30;
